id,first_name,last_name,country
1,Diane,McLellan,Philippines
2,Maiga,Barbosa,Mongolia
3,Eziechiele,Hovy,Philippines
4,Christopher,Leith-Harvey,China
5,Gerrard,Joannidi,Peru
6,Salomo,Erni,Lithuania
7,Stephana,MacCorkell,Indonesia
8,Cull,Barnsley,China
9,Robbert,Vaen,Germany
10,Jarred,Rigge,France
11,Derrick,Dance,Indonesia
12,Kinsley,Yerill,Portugal
13,Garth,Adame,Japan
14,Yancy,Jewster,Norway
15,Laurie,Gallahue,Indonesia
16,Evelyn,Guiton,Indonesia
17,Ramona,Cowwell,Philippines
18,Grete,Dron,Japan
19,Suzanne,Carmont,China
20,Sal,Owain,Guinea-Bissau
21,Anabel,Karoly,Chad
22,Jed,McCorrie,Brazil
23,Venita,Brownjohn,Azerbaijan
24,Marve,Bice,Tunisia
25,Bondon,Harkes,China
26,Willamina,Tuffrey,China
27,Maryanna,Shakespeare,Norway
28,Batsheva,Falconer-Taylor,France
29,Torrie,Jakoubec,Sweden
30,Franny,Coath,Russia
31,Arleen,Minshull,Russia
32,Graeme,Balme,Madagascar
33,Byrle,Toope,Greece
34,Helli,Spours,Greece
35,Deb,McNally,China
36,Carlee,Dougliss,Ireland
37,Gwendolyn,McCafferky,Philippines
38,Maxy,Schrinel,Malaysia
39,Fredrick,Preshous,China
40,Garrick,Costigan,Libya
41,Pacorro,Blazdell,Indonesia
42,Julietta,Smeall,Cuba
43,Audra,Hearl,Mexico
44,Bern,Brundrett,Philippines
45,Tynan,Synnot,Moldova
46,York,Stocking,Russia
47,Thurstan,Heinemann,United_States
48,Sonya,Wyborn,Cameroon
49,Pancho,Fruen,Russia
50,Ervin,Mangeney,Japan
